Tweet_ID,Created_at,screen_name,Texto,Fecha_ExtracciÛn,Hora_ExtracciÛn,atropellado,volcadura,fallecimiento,ciclista,motociclista,peaton,Choque,alcaldia,Aceptado
1543811959971352577,2022-07-03 23:20:28-05:00,CruzRoja_CDMX,un  accidente de  transito en   laguna de  terminos    anahuac i  seccion    miguel  hidalgo fue reportado a la  cruzrojamexicana  te recomendamos tener cuidado al transitar en esa zona ,7/4/2022,0:59:02,0,0,0,0,0,0,1,,No
1543823877477994496,2022-07-04 00:07:49-05:00,OVIALCDMX,00 07  precaucionvial   servicios de emergencia se dirigen a calz  ignacio zaragoza a la altura de calle 77  colonia puebla  por percance  ,7/4/2022,0:59:02,0,0,0,0,0,0,1,,No
1543825012603461632,2022-07-04 00:12:20-05:00,C5_CDMX,servicios de emergencia atienden percance vial sobre calz  gral  ignacio zaragoza y calle 77  colonia puebla   a vcarranza  911cdmx  c5 ,7/4/2022,0:59:02,0,0,0,0,0,0,1,,No
1543829748203376641,2022-07-04 00:31:09-05:00,C5_CDMX,servicios de emergencia atienden accidente vial sobre dr  jose maria vertiz y ignacio morones prieto  colonia doctores   alccuauhtemocmx  911cdmx c5 ,7/4/2022,0:59:02,0,0,0,0,0,0,1,cuauhtemoc,Si
1543831584868024320,2022-07-04 00:38:27-05:00,OVIALCDMX,00 38  precaucionvial   servicios de emergencia laboran en dr  jose maria vertiz a la altura de calle ignacio morones prieto  colonia doctores  por percance  ,7/4/2022,0:59:02,0,0,0,0,0,0,1,,No
1543832336168525826,2022-07-04 00:41:26-05:00,RaulGtzNR,filtran fotos del accidente en el centro de la cdmx  ,7/4/2022,0:59:02,0,0,0,0,0,0,1,,No
1543837925959516160,2022-07-04 01:03:39-05:00,CruzRoja_CDMX,un  accidente de  transito en   monte  altai    lomas de  chapultepec i  seccion    miguel  hidalgo fue reportado a la  cruzrojamexicana  te recomendamos tener cuidado al transitar en esa zona ,7/4/2022,1:59:02,0,0,0,0,0,0,1,,Si
1543847010222186496,2022-07-04 01:39:45-05:00,repartidorr,este colectivo lo vuelve a decir no cobramos ningun tipo de comision o porcentaje  mucho menos dinero por apoyar a los compa√±eros accidentados no tenemos acuerdo con ningun tipo de ambulancias privadas  con ninguno  ,7/4/2022,1:59:02,0,0,0,0,0,0,1,,No
1543847025460105216,2022-07-04 01:39:48-05:00,repartidorr,buscamos que en caso de accidente o fallecimiento los familiares de los compa√±eros sean los que hablen y si no pueden  quieren al momento o el dolor no se los permite grabamos un video y lo compartimos a medios  ,7/4/2022,1:59:02,0,0,0,0,0,0,1,,No
1543852943941799937,2022-07-04 02:03:19-05:00,FNNoticiass, breakingnews  enterate un hombre que a decir de los testigos se dedicaba a ser mesero  fallecio despues de ser arrollado mientras intentaba cruzar la calz  ignaciozaragoza a la altura de la calle 77 en la col  puebla  a vcarranza la zona esta acordonada  se esperan periciales  ,7/4/2022,2:59:02,1,0,1,0,0,0,0,,Si
1543872831292858368,2022-07-04 03:22:21-05:00,OVIALCDMX,03 22  precaucionvial   por percance en dr  barragan a la altura de dr  liceaga  col  doctores  servicios de emergencia acuden al lugar  ,7/4/2022,3:59:02,0,0,0,0,0,0,1,,Si
1543874530636173312,2022-07-04 03:29:06-05:00,Bomberos_CDMX,en calle san marcos lopez  pueblo santa marta acatitla  en  alc iztapalapa  se registro choque de automovil  procedimos a desconectar la bateria  verificar que no existiera derrame de combustible y restablecer la vialidad se informa servicio concluido  ,7/4/2022,3:59:02,0,0,0,0,0,0,1,iztapalapa,Si
1543880532928380929,2022-07-04 03:52:57-05:00,OVIALCDMX,03 52  precaucionvial   servicios de emergencia se dirigen hacia la av  602 a la altura de calle 635  col  san juan de aragon iv seccion  por percance  ,7/4/2022,3:59:02,0,0,0,0,0,0,1,,Si
1543892631658418177,2022-07-04 04:41:02-05:00,CruzRoja_CDMX,un  accidente de  transito en  agua    jardines del  pedregal    alvaro  obregon fue reportado a la  cruzrojamexicana  te recomendamos tener cuidado al transitar en esa zona ,7/4/2022,4:59:02,0,0,0,0,0,0,1,,Si
1543897022373273605,2022-07-04 04:58:29-05:00,CruzRoja_CDMX,una  ambulancia de  cruzrojamexicana esta atendiendo un  accidente de  transito en  agua    jardines del  pedregal    alvaro  obregon extrema precauciones al pasar por ese lugar ,7/4/2022,4:59:02,0,0,0,0,0,0,1,,No
1543899538641113089,2022-07-04 05:08:28-05:00,Bomberos_CDMX,en calle 625  colonia san juan de aragon  en  tualcaldiagam  se registro choque de automovil  resultando lesionada una persona quien fue trasladada al hospital por paramedicos  ,7/4/2022,5:59:03,0,0,0,0,0,0,1,gustavo a madero,Si
1543900694167650305,2022-07-04 05:13:04-05:00,OVIALCDMX,05 13  precaucionvial   por percance en calz  ignacio zaragoza con direccion al poniente a la altura de av  central  col  agricola oriental  servicios de emergencia acuden al lugar  ,7/4/2022,5:59:03,0,0,0,0,0,0,1,,Si
1543908742781100032,2022-07-04 05:45:03-05:00,CruzRoja_CDMX,vehiculos de  emergencia y la  cruzrojamexicana acuden a  av  aquiles  serdan    santo  domingo   azcapotzalco a auxiliar por un  accidente de  transito ,7/4/2022,5:59:03,0,0,0,0,0,0,1,azcapotzalco,Si
1543910993700524033,2022-07-04 05:54:00-05:00,CruzRoja_CDMX,un  accidente de  transito en  periferico    ampliacion  daniel  garza    miguel  hidalgo fue reportado a la  cruzrojamexicana  te recomendamos tener cuidado al transitar en esa zona ,7/4/2022,5:59:03,0,0,0,0,0,0,1,,Si
1543912517994483712,2022-07-04 06:00:03-05:00,OVIALCDMX,06 00  precaucionvial   por percance en anillo periferico con direccion al norte a la altura de av observatorio  servicios de emergencia se dirigen al lugar  ,7/4/2022,6:59:03,0,0,0,0,0,0,1,,No
1543913124410953728,2022-07-04 06:02:28-05:00,trafico889,ocurrio un  choque sobre periferico  a la altura de av  observatorio en direccion a paseo de la reforma ,7/4/2022,6:59:03,0,0,0,0,0,0,1,,No
1543916486447620098,2022-07-04 06:15:49-05:00,trafico889,continua avance complicado por  choque en carriles centrales de periferico  a la altura de av  observatorio en direccion a paseo de la reforma  ,7/4/2022,6:59:03,0,0,0,0,0,0,1,,No
1543918075237601281,2022-07-04 06:22:08-05:00,isidrocorro,tuve una madrugada con bastante informacion en materia policiaca  primero acudi a un atropellado en zaragoza  a una persecucion en la colonia roma y un corto circuito en el centro  esto fue lo que me encontre amigos  buenos dias   ,7/4/2022,6:59:03,1,0,0,0,0,0,0,,No
1543919402978099200,2022-07-04 06:27:24-05:00,SUUMA_CDMX,precaucion  accidente en lateral de periferico al norte y observatorio  servicios de emergencia laborando    ,7/4/2022,6:59:03,0,0,0,0,0,0,1,,No
1543920888449417216,2022-07-04 06:33:19-05:00,trafico889,se registra  choque sobre periferico a la altura de av  benito juarez en direccion a ermita iztapalapa ,7/4/2022,6:59:03,0,0,0,0,0,0,1,benito juarez,Si
1543921064798871552,2022-07-04 06:34:01-05:00,trafico889,se registra  choque sobre periferico a la altura de av  benito juarez en direccion a ermita iztapalapa y el avance es lento ,7/4/2022,6:59:03,0,0,0,0,0,0,1,benito juarez,No
1543922735507599360,2022-07-04 06:40:39-05:00,trafico889, choque sobre blvd  puerto aereo poco antes de calz  i  zaragoza en direccion a fray servando ,7/4/2022,6:59:03,0,0,0,0,0,0,1,,Si
1543922897898463232,2022-07-04 06:41:18-05:00,trafico889,hay un  choque sobre av  insurgentes a la altura de av  acueducto en direccion a montevideo ,7/4/2022,6:59:03,0,0,0,0,0,0,1,,Si
1543923047798697985,2022-07-04 06:41:53-05:00,trafico889,hay un  choque que complica el avance sobre¬†av  insurgentes a la altura de av  acueducto en direccion a montevideo ,7/4/2022,6:59:03,0,0,0,0,0,0,1,,No
1543933122596724736,2022-07-04 07:21:55-05:00,trafico889, choque sobre periferico a la altura de romulo o¬¥farril en direccion a barranca del muerto ,7/4/2022,7:59:03,0,0,0,0,0,0,1,,No
1543933895913062406,2022-07-04 07:25:00-05:00,InfotrafficMX,se produjo un accidente en carriles laterales de periferico a la altura de paseo de pedregal en direccion a san jeronimo  apoyovial ,7/4/2022,7:59:03,0,0,0,0,0,0,1,,Si
1543937565782409218,2022-07-04 07:39:35-05:00,C5_CDMX, precaucion  servicios de emergencia atienden volcadura sobre av  periferico 2do piso al sur y rio tacubaya  colonia bellavista   alcaldiaao   911cdmx  c5,7/4/2022,7:59:03,0,1,0,0,0,0,0,alvaro obregon,Si
1543938152536182784,2022-07-04 07:41:55-05:00,alertasurbanas,calles adelante en zaragoza y calle 15  un percance entre una motocicleta pulsar y un automovil dejaron a un policia lesionado  ,7/4/2022,7:59:03,0,0,0,0,1,0,1,,Si
1543938233653792768,2022-07-04 07:42:14-05:00,trafico889,¬°cuidado  por  volcadura  servicios de emergencia laboran en segundo piso de periferico y rio tacubaya  hacia barranca del muerto ,7/4/2022,7:59:03,0,1,0,0,0,0,0,,No
1543938585623007233,2022-07-04 07:43:38-05:00,trafico889,reduccion de carriles por  accidente en el km 31 de la aut  mexico puebla en direccion a puebla ,7/4/2022,7:59:03,0,0,0,0,0,0,1,,No
1543939095952515074,2022-07-04 07:45:40-05:00,OVIALCDMX,07 45  precaucionvial   servicios de emergencia acuden a 2do nivel de anillo periferico a la altura de rio tacubaya  por vehiculo volcado  ,7/4/2022,7:59:03,0,1,0,0,0,0,0,,No
1543939421489299463,2022-07-04 07:46:57-05:00,SUUMA_CDMX,precaucion  volcadura en 2do piso de periferico direccion sur a la altura de san antonio   ,7/4/2022,7:59:03,0,1,0,0,0,0,0,,No
1543941806789865472,2022-07-04 07:56:26-05:00,trafico889,gracias a nuestro wazer  anonimo  reporta un accidente en el eje 1 oriente boleo a la altura de la calle plomo  hacia el eje 2 norte ,7/4/2022,7:59:03,0,0,0,0,0,0,1,,Si
1543947637216481282,2022-07-04 08:19:36-05:00,trafico889,gracias a nuestro wazer  victornar  nos informa que hay un  choque en el cruce de via lactea y ermita iztapalapa ,7/4/2022,8:59:03,0,0,0,0,0,0,1,iztapalapa,Si
1543947737225240576,2022-07-04 08:20:00-05:00,InfotrafficMX,se reporta un choque en av  oceania  poco antes del eje 1 norte  hacia el distribuidor vial heberto castillo tome precauciones  apoyovial ,7/4/2022,8:59:03,0,0,0,0,0,0,1,,Si
1543950804406657025,2022-07-04 08:32:11-05:00,Soymemomartinez, accidente en la lateral de la autopista mexico puebla  es pasando el restaurante ‚Äúque chula es puebla‚Äù ya atienden los servicios de emergencia ,7/4/2022,8:59:03,0,0,0,0,0,0,1,,No
1543957626995855361,2022-07-04 08:59:18-05:00,Bomberos_CDMX,bomberos de la cdmx laboran en choque entre dos vehiculos particulares en eje 6 sur  colonia leyes de reforma  en  alc iztapalapa  se informa que una persona resulto lesionada  misma que fue trasladada al hospital por paramedicos  ,7/4/2022,9:59:02,0,0,0,0,0,0,1,iztapalapa,Si
1543959183283724288,2022-07-04 09:05:29-05:00,trafico889,lento avance por  choque en periferico antes de viaducto tlalpan  hacia insurgentes ,7/4/2022,9:59:02,0,0,0,0,0,0,1,tlalpan,Si
1543959230331363329,2022-07-04 09:05:40-05:00,trafico889,por  choque es lento el avance de av  universidad antes de miguel angel de quevedo  hacia rio churubusco ,7/4/2022,9:59:02,0,0,0,0,0,0,1,,Si
1543959582153887745,2022-07-04 09:07:04-05:00,trafico889, choque complica el avance de calz  taxque√±a a la altura de miramontes en sentido a calz  de tlalpan ,7/4/2022,9:59:02,0,0,0,0,0,0,1,tlalpan,Si
1543960020588679172,2022-07-04 09:08:48-05:00,Nueva_Nota_Roja,choque esta ma√±ana se registro un choque donde resultaron involucrados 2 automoviles  esto en eje 6 sur colonia leyes de reforma alcaldia de iztapalapa  una persona resulto lesionada  nota roja 04 07 2022 ,7/4/2022,9:59:02,0,0,0,0,0,0,1,iztapalapa,No
1543960514522320896,2022-07-04 09:10:46-05:00,trafico889,avance complicado por  choque en rio san joaquin poco antes de ejercito nacional  hacia circuito interior ,7/4/2022,9:59:02,0,0,0,0,0,0,1,,Si
1543961600473841666,2022-07-04 09:15:05-05:00,trafico889,gracias a nuestro wazer  cali22  nos informa que hay un  choque sobre av  division del norte a la altura de benito juarez en direccion a calz  de tlalpan ,7/4/2022,9:59:02,0,0,0,0,0,0,1,benito juarez,Si
1543965120610680833,2022-07-04 09:29:04-05:00,CruzRoja_CDMX,personal de la  cruzrojamexicana auxilian a un paciente en  cuvier   anzures    miguel  hidalgo debido a un  accidente de  transito ,7/4/2022,9:59:02,0,0,0,0,0,0,1,,Si
1543966302481661955,2022-07-04 09:33:46-05:00,CruzRoja_CDMX, cruzrojamexicana esta ayudando en un  accidente de  transito en  claveria   claveria   azcapotzalco ten cuidado al pasar por el lugar ,7/4/2022,9:59:02,0,0,0,0,0,0,1,azcapotzalco,Si
1543967117388795905,2022-07-04 09:37:00-05:00,OVIALCDMX, precaucionvial   servicios de emergencia se dirigen hacia calz  i  zaragoza a la altura de relaciones exteriores  col  federal  alcaldia venustiano carranza  por incidente vial   alternativavial economia y eje 1 norte  ,7/4/2022,9:59:02,0,0,0,0,0,0,1,venustiano carranza,Si
1543967412403556360,2022-07-04 09:38:11-05:00,trafico889,¬°precaucion  por incidente vial servicios de emergencia se dirigen a calz  i  zaragoza a la altura de relaciones exteriores  col  federal ,7/4/2022,9:59:02,0,0,0,0,0,0,1,,No
1543969123516010497,2022-07-04 09:44:59-05:00,CruzRoja_CDMX,en la direccion   paseo de la  reforma    lomas de  chapultepec i  seccion    miguel  hidalgo un vehiculo de la  cruzrojamexicana atiende un  accidente de  transito  evita esas vialidades ,7/4/2022,9:59:02,0,0,0,0,0,0,1,,Si
1543969132982444032,2022-07-04 09:45:01-05:00,trafico889,ocurrio un  choque en av  patriotismo antes de benjamin franklin ,7/4/2022,9:59:02,0,0,0,0,0,0,1,,Si
1543969222837129216,2022-07-04 09:45:22-05:00,trafico889, choque en av  constituyentes pasando circuito interior  hacia periferico ,7/4/2022,9:59:02,0,0,0,0,0,0,1,,Si
1543969443272949760,2022-07-04 09:46:15-05:00,trafico889,avance lento por  choque en eje central entre16 de septiembre y av  juarez  ,7/4/2022,9:59:02,0,0,0,0,0,0,1,,Si
1543972537205399553,2022-07-04 09:58:33-05:00,OVIALCDMX, precaucionvial   hallaras incidente vehicular sobre anillo de circunvalacion y cda  de circunvalacion  col  santa maria aztahuacan  alcaldia iztapalapa   alternativavial av  mexico y av  de las torres  ,7/4/2022,9:59:03,0,0,0,0,0,0,1,iztapalapa,Si
1543954281023381505,2022-07-04 08:46:00-05:00,DLozant, peatondelsur  lasemovi  andreslajous  peatonesprimero  pacodeanda  olafdickinson  bicireporteradf  rat inside    cfh  muertevialcdmx  alejuareza  javier hidalgo  botvialcdmx no son una referencia numerica despersonalizada  muy conveniente a los oidos del burocrata  no son una muerte vial mas  son hermanas hermanos peatones ciclistas muertos atropellados por un automovil  sus muertes no son una queja estadistica  el dolor de perderlos es acordar que,7/4/2022,10:30:06,1,0,0,0,0,0,0,,No
1543939421489299463,2022-07-04 07:46:57-05:00,SUUMA_CDMX,precaucion  volcadura en 2do piso de periferico direccion sur a la altura de san antonio   ,7/4/2022,10:30:07,0,1,0,0,0,0,0,,No
1543972781641064451,2022-07-04 09:59:31-05:00,trafico889,se registra incidente vial sobre anillo de circunvalacion y cda  de circunvalacion  col  santa maria aztahuacan ,7/4/2022,10:59:02,0,0,0,0,0,0,1,,No
1543975255819026433,2022-07-04 10:09:21-05:00,OVIALCDMX, precaucionvial   por percance sobre eje 1 norte y anillo periferico  col  agricola pantitlan  alcaldia iztacalco   alternativavial av  xochimilco  calle 5 y calle 6  ,7/4/2022,10:59:02,0,0,0,0,0,0,1,iztacalco,Si
1543976208567832576,2022-07-04 10:13:08-05:00,Bomberos_CDMX,en autopista suburbana  colonia bella vista  en  alcaldiaao  se registro volcadura de automovil  procedimos a desconectar la bateria  verificar que no existiera derrame de combustible y restablecer la vialidad se informa servicio concluido  ,7/4/2022,10:59:02,0,1,0,0,0,0,0,alvaro obregon,Si
1543985406818955265,2022-07-04 10:49:41-05:00,trafico889,ocurrio un  choque en el cruce de av  parque lira y gral  jose moran ,7/4/2022,10:59:02,0,0,0,0,0,0,1,,Si
1543985464582885377,2022-07-04 10:49:55-05:00,trafico889, choque sobre anillo periferico a la altura de calle 10 hacia barranca del muerto ,7/4/2022,10:59:02,0,0,0,0,0,0,1,,Si
1543985516172832769,2022-07-04 10:50:07-05:00,trafico889,se registra  choque sobre calz  ermita iztapalapa pasando rojo gomez en direccion a calz  de la viga,7/4/2022,10:59:02,0,0,0,0,0,0,1,iztapalapa,Si
1543990866292924416,2022-07-04 11:11:23-05:00,OVIALCDMX, precaucionvial   por percance en av  tlahuac e ignacio zaragoza  col  a√±o de juarez  alcaldia iztapalapa   alternativavial av  del arbol y palmas  ,7/4/2022,11:59:02,0,0,0,0,0,0,1,iztapalapa,Si
1543993476651446272,2022-07-04 11:21:45-05:00,trafico889,hay un  choque sobre   eulalia guzman a la altura de pino hacia circuito interior ,7/4/2022,11:59:02,0,0,0,0,0,0,1,,Si
1543993507693543424,2022-07-04 11:21:52-05:00,trafico889, choque en fuerza aerea mexicana pasando economia hacia blvd  puerto aereo ,7/4/2022,11:59:02,0,0,0,0,0,0,1,,Si
1543993843506221057,2022-07-04 11:23:12-05:00,trafico889,ocurrio un  choque en calz  ignacio zaragoza a la altura de economia hacia blvd  puerto aereo ,7/4/2022,11:59:02,0,0,0,0,0,0,1,,Si
1543993894106308608,2022-07-04 11:23:25-05:00,trafico889,se registra un  choque en el cruce de salvador novo y francisco sosa ,7/4/2022,11:59:02,0,0,0,0,0,0,1,,Si
1543994297640517632,2022-07-04 11:25:01-05:00,OVIALCDMX, precaucionvial   por incidente vehicular en av  ermita entre mendizabal y  e  corona  col  san lucas  alcaldia iztapalapa   alternativavial ayuntamiento  ignacio comonfort y av  javier rojo gomez  ,7/4/2022,11:59:02,0,0,0,0,0,0,1,iztapalapa,Si
1543995809947160579,2022-07-04 11:31:01-05:00,CruzRoja_CDMX,personal de la  cruzrojamexicana auxilian a un paciente en  av  paseo de la  reforma    lomas de  chapultepec i  seccion    miguel  hidalgo debido a un  accidente de  transito ,7/4/2022,11:59:02,0,0,0,0,0,0,1,,Si
1544000072999845888,2022-07-04 11:47:58-05:00,trafico889,hay un  choque sobre blvd  puerto aereo a la altura de ignacio zaragoza hacia fray servando ,7/4/2022,11:59:02,0,0,0,0,0,0,1,,Si
1544000183117029377,2022-07-04 11:48:24-05:00,trafico889,encontraras un  choque en el cruce de guerrero y eje 1 norte ,7/4/2022,11:59:02,0,0,0,0,0,0,1,,Si
1543983702677590016,2022-07-04 10:42:55-05:00,mejzc, gemato2001  peatondelsur  lasemovi  andreslajous  peatonesprimero  pacodeanda  olafdickinson  bicireporteradf  rat inside    cfh  muertevialcdmx  alejuareza  javier hidalgo  botvialcdmx y que hacemos con los ciclistas que no respetan los sentidos de las calles y atropellan a personas   recuerda no todos traen auto ,7/4/2022,12:30:04,1,0,0,0,0,0,0,,No
1544004900589535232,2022-07-04 12:07:09-05:00,OVIALCDMX, precaucionvial   por incidente vehicular en av  tlahuac e ignacio zaragoza  col  a√±o de juarez   alternativavial av  reforma y jose clemente orozco  ,7/4/2022,12:59:02,0,0,0,0,0,0,1,tlahuac,Si
1544005787206537218,2022-07-04 12:10:40-05:00,trafico889,¬°cuidado  ocurrio un  incidente vehicular en av  tlahuac e ignacio zaragoza  col  a√±o de juarez  alternativas  av  reforma y jose clemente orozco ,7/4/2022,12:59:02,0,0,0,0,0,0,1,tlahuac,No
1544013024855457794,2022-07-04 12:39:26-05:00,OVIALCDMX, precaucionvial   por percance en av  insurgentes norte y ticoman  alcaldia gustavo a  madero    alternativavial av  acueducto y xochiquetzal  ,7/4/2022,12:59:02,0,0,0,0,0,0,1,,Si
1544013712830390275,2022-07-04 12:42:10-05:00,OVIALCDMX, precaucionvial   por percance en av  insurgentes norte y ticoman  alcaldia gustavo a  madero    alternativavial av  acueducto y xochiquetzal  ,7/4/2022,12:59:02,0,0,0,0,0,0,1,,No
1544014983549304833,2022-07-04 12:47:13-05:00,OVIALCDMX, precaucionvial   hallaras incidente vehicular en h  congreso de la union a la altura de san antonio tomatlan  alcaldia venustiano carranza   alternativavial ing  eduardo molina y heroe de nacozari  ,7/4/2022,12:59:02,0,0,0,0,0,0,1,venustiano carranza,Si
1544016009790717954,2022-07-04 12:51:17-05:00,trafico889,¬°precaucion  encontraras un  accidente sobre av  congreso de la union a la altura de san antonio tomatlan  alcaldia venustiano carranza  alternativas  av  eduardo molina y heroe de nacozari ,7/4/2022,12:59:02,0,0,0,0,0,0,1,venustiano carranza,No
1544022432712900608,2022-07-04 13:16:49-05:00,trafico889,gracias a nuestro wazer  world imrt  reporta un percance sobre av  rio consulado a la altura de eje central con direccion a la raza ,7/4/2022,13:59:03,0,0,0,0,0,0,1,,Si
1544032413344489473,2022-07-04 13:56:28-05:00,OVIALCDMX, precaucionvial   por incidente vehicular en av  universidad y circuito interior  alcaldia benito juarez   alternativavial av  mexico y miguel angel de quevedo  ,7/4/2022,13:59:03,0,0,0,0,0,0,1,benito juarez,Si
1544035317719543808,2022-07-04 14:08:01-05:00,trafico889,¬°precaucion  encontraras un  accidente en av  universidad y circuito interior  alcaldia benito juarez  tus alternativas  av  mexico y miguel angel de quevedo ,7/4/2022,14:59:02,0,0,0,0,0,0,1,benito juarez,No
1544038693270392837,2022-07-04 14:21:25-05:00,C5_CDMX, precaucion  servicios de emergencia se aproximan a trabajar por accidente vehicular sobre av  cerro de las torres y cerro del chapulin  colonia campestre churubusco   alcaldia coy   911cdmx c5,7/4/2022,14:59:02,0,0,0,0,0,0,1,,Si
1544039269332881409,2022-07-04 14:23:43-05:00,CruzRoja_CDMX, cruzrojamexicana esta ayudando en un  accidente de  transito en   fray  servando  teresa de  mier    centro   area 9    cuauhtemoc ten cuidado al pasar por el lugar ,7/4/2022,14:59:02,0,0,0,0,0,0,1,cuauhtemoc,Si
1544041516389244931,2022-07-04 14:32:39-05:00,C5_CDMX, precaucion  servicios de emergencia se aproximan a trabajar por accidente vehicular sobre calz  de la viga y playa erizo  colonia santiago sur   iztacalcoal  alternativa vial   francisco del paso y troncoso   911cdmx c5 ,7/4/2022,14:59:02,0,0,0,0,0,0,1,iztacalco,Si
1544042381485506562,2022-07-04 14:36:05-05:00,trafico889,¬°precaucion  debido a un  accidente  servicios de emergencia se dirigen a calz  de la viga y playa erizo  colonia santiago sur  alcaldia iztacalco  alternativa  francisco del paso y troncoso ,7/4/2022,14:59:02,0,0,0,0,0,0,1,iztacalco,No
1544046276987305985,2022-07-04 14:51:34-05:00,OVIALCDMX,14 49  precaucionvial   por percance en calz  de tlalpan a la altura de ignacio allende  equipos de emergencia acuden al lugar  ,7/4/2022,14:59:02,0,0,0,0,0,0,1,tlalpan,Si
1544046808237834240,2022-07-04 14:53:40-05:00,trafico889,¬°ojo  a causa de un  accidente  servicios de emergencia se dirigen a la calz  de tlalpan a la altura de ignacio allende ,7/4/2022,14:59:02,0,0,0,0,0,0,1,tlalpan,Si
1544049879273689088,2022-07-04 15:05:52-05:00,C5_CDMX, almomento hallaras percance vial sobre calz  de tlalpan e ignacio allende  colonia tlalpan centro   tlalpanal   servicios de emergencia en el lugar   911cdmx c5,7/4/2022,15:59:02,0,0,0,0,0,0,1,tlalpan,Si
1544051883828039681,2022-07-04 15:13:50-05:00,trafico889,gracias a nuestro wazer ¬†anonimo  informa de un percance sobre congreso de la union a la altura de viaducto rio de la piedad ,7/4/2022,15:59:02,0,0,0,0,0,0,1,,Si
1544052406106968067,2022-07-04 15:15:55-05:00,CruzRoja_CDMX, cruzrojamexicana esta atendiendo un  accidente de  transito en   matias  romero    santa  maria  malinalco   azcapotzalco con una  ambulancia donada con tus aportaciones ,7/4/2022,15:59:02,0,0,0,0,0,0,1,azcapotzalco,Si
1544057941296381958,2022-07-04 15:37:55-05:00,OVIALCDMX, precaucionvial   servicios de emergencia se dirigen a calz  de tlalpan direccion al sur a la altura de circuito interior  por percance vehicular  ,7/4/2022,15:59:02,0,0,0,0,0,0,1,tlalpan,Si
1544059724542447622,2022-07-04 15:45:00-05:00,InfotrafficMX,informa que hay un choque sobre calz  de las bombas pasando av  canal nacional en direccion a cafetales  apoyovial ,7/4/2022,15:59:02,0,0,0,0,0,0,1,,Si
1544061814463512578,2022-07-04 15:53:18-05:00,OVIALCDMX, precaucionvial   servicios de emergencia acuden a circuito interior direccion oriente a la altura de division del norte  por percance vehicular  ,7/4/2022,15:59:02,0,0,0,0,0,0,1,,Si
1544062785927221249,2022-07-04 15:57:10-05:00,trafico889,¬°cuidado  debido a un percance  servicios de emergencia se aproximan a circuito interior a la altura de division del norte hacia calz  de tlalpan ,7/4/2022,15:59:02,0,0,0,0,0,0,1,tlalpan,No
1544067211698094080,2022-07-04 16:14:45-05:00,INEGI_INFORMA, mejzc  peatondelsur  lasemovi  andreslajous  peatonesprimero  pacodeanda  olafdickinson  bicireporteradf  rat inside    cfh  muertevialcdmx  alejuareza  javier hidalgo  botvialcdmx selecciona la categoria  accidentes de transito y active las variables  tipo de accidente  causa del accidente y entidad y municipio  oprime el boton ver consulta  te enviara a un nuevo tabulado   2 3 ,7/4/2022,16:30:04,0,0,0,0,0,0,1,,No
1543989627199008768,2022-07-04 11:06:27-05:00,gemato2001, mejzc  peatondelsur  lasemovi  andreslajous  peatonesprimero  pacodeanda  olafdickinson  bicireporteradf  rat inside    cfh  muertevialcdmx  alejuareza  javier hidalgo  botvialcdmx pues atropellan tantas personas que las estadisticas lo reportan como el mayor causante de accidentes si usted sue√±a que las bicicletas lo atropellan  vaya a buscar ayuda profesional  la realidad se mide en cifras  no en creencias ,7/4/2022,16:30:04,1,0,0,0,0,0,0,,No
1544063694698692610,2022-07-04 16:00:46-05:00,C5_CDMX, almomento  servicios de emergencia trabajan por accidente vial sobre calz  ticoman y calz  de guadalupe  colonia santa isabel tola   tualcaldiagam   911cdmx c5,7/4/2022,16:59:02,0,0,0,0,0,0,1,gustavo a madero,Si
1544067539034071048,2022-07-04 16:16:03-05:00,CruzRoja_CDMX, cruzrojamexicana esta atendiendo un  accidente de  transito en   calz  azcapotzalco la  villa    huautla de las  salinas   azcapotzalco con una  ambulancia donada con tus aportaciones ,7/4/2022,16:59:02,0,0,0,0,0,0,1,azcapotzalco,Si
1544067912499187716,2022-07-04 16:17:32-05:00,trafico889,gracias a nuestro wazer ¬†anonimo  informa de un  accidente sobre eje 6 sur despues de av  insurgentes ,7/4/2022,16:59:02,0,0,0,0,0,0,1,,Si
1544070633792888833,2022-07-04 16:28:21-05:00,OVIALCDMX, precaucionvial   por percance en rio rhin a la altura de calz  manuel villalongin  equipos de emergencia acuden al lugar  ,7/4/2022,16:59:02,0,0,0,0,0,0,1,,Si
1544070721084821505,2022-07-04 16:28:42-05:00,C5_CDMX, precaucion  servicios de emergencia se aproximan a trabajar por accidente vial sobre av  gral  felipe angeles y apango  colonia gral  felipe berriozabal   tualcaldiagam alternativa vial   av  del castillo  911cdmx c5,7/4/2022,16:59:02,0,0,0,0,0,0,1,gustavo a madero,Si
1544071185784344578,2022-07-04 16:30:32-05:00,trafico889,¬°precaucion  por un  accidente  servicios de emergencia acuden a rio rhin a la altura de calz  manuel villalongin ,7/4/2022,16:59:02,0,0,0,0,0,0,1,,No
1544071480723623936,2022-07-04 16:31:43-05:00,trafico889,¬°precaucion  debido a un  accidente  servicios de emergencia se dirigen a laborar sobre av  gral  felipe angeles y apango  colonia gral  felipe berriozabal  alcaldia gustavo a  madero ,7/4/2022,16:59:02,0,0,0,0,0,0,1,,No
1544076882509021184,2022-07-04 16:53:11-05:00,CruzRoja_CDMX,una  ambulancia de  cruzrojamexicana esta atendiendo un  accidente de  transito en   mariano  escobedo    anahuac i  seccion    miguel  hidalgo extrema precauciones al pasar por ese lugar ,7/4/2022,16:59:03,0,0,0,0,0,0,1,,Si
1544079588921430018,2022-07-04 17:03:56-05:00,OVIALCDMX, precaucionvial   por percance en rio churubusco a la altura de eje 6 sur  equipos de emergencia acuden al lugar  ,7/4/2022,17:59:03,0,0,0,0,0,0,1,,No
1544080843198668801,2022-07-04 17:08:55-05:00,trafico889,¬°precaucion  servicios de emergencia se dirigen a rio churubusco a la altura de eje 6 sur  para atender un  accidente en el lugar ,7/4/2022,17:59:03,0,0,0,0,0,0,1,,Si
1544082127926484993,2022-07-04 17:14:01-05:00,C5_CDMX, almomento  servicios de emergencia trabajan por accidente vial sobre av  de las torres y minas  colonia san miguel teotongo   alc iztapalapa   911cdmx c5 ,7/4/2022,17:59:03,0,0,0,0,0,0,1,iztapalapa,Si
1544082466759221253,2022-07-04 17:15:22-05:00,trafico889,gracias a nuestro wazer  yurguenst  reporta un percance sobre av  patriotismo a la altura de extremadura ,7/4/2022,17:59:03,0,0,0,0,0,0,1,,Si
1544084672275169281,2022-07-04 17:24:08-05:00,OVIALCDMX,17 22  precaucionvial   por percance en anillo periferico a la altura de san jeronimo hacia el sur  equipos de emergencia acuden al lugar  ,7/4/2022,17:59:03,0,0,0,0,0,0,1,,Si
1544084991763775489,2022-07-04 17:25:24-05:00,trafico889,¬°precaucion  ocurrio un  accidente en anillo periferico a la altura de san jeronimo hacia luis cabrera  servicios de emergencia se dirigen al lugar ,7/4/2022,17:59:03,0,0,0,0,0,0,1,,No
1544088409429385219,2022-07-04 17:38:59-05:00,OVIALCDMX, precaucionvial   por percance en circuito interior a la altura de marina nacional hacia el sur  equipos de emergencia laboran en el lugar  ,7/4/2022,17:59:03,0,0,0,0,0,0,1,,Si
1544092568304115713,2022-07-04 17:55:30-05:00,CruzRoja_CDMX,vehiculos de  emergencia y la  cruzrojamexicana acuden a   bahia de la  ascension   tacuba    miguel  hidalgo a auxiliar por un  accidente de  transito ,7/4/2022,17:59:03,0,0,0,0,0,0,1,,Si
1543989627199008768,2022-07-04 11:06:27-05:00,gemato2001, mejzc  peatondelsur  lasemovi  andreslajous  peatonesprimero  pacodeanda  olafdickinson  bicireporteradf  rat inside    cfh  muertevialcdmx  alejuareza  javier hidalgo  botvialcdmx pues atropellan tantas personas que las estadisticas lo reportan como el mayor causante de accidentes si usted sue√±a que las bicicletas lo atropellan  vaya a buscar ayuda profesional  la realidad se mide en cifras  no en creencias ,7/4/2022,18:30:03,1,0,0,0,0,0,0,,No
1543989627199008768,2022-07-04 11:06:27-05:00,gemato2001, mejzc  peatondelsur  lasemovi  andreslajous  peatonesprimero  pacodeanda  olafdickinson  bicireporteradf  rat inside    cfh  muertevialcdmx  alejuareza  javier hidalgo  botvialcdmx pues atropellan tantas personas que las estadisticas lo reportan como el mayor causante de accidentes si usted sue√±a que las bicicletas lo atropellan  vaya a buscar ayuda profesional  la realidad se mide en cifras  no en creencias ,7/4/2022,18:30:04,1,0,0,0,0,0,0,,No
1544101042652168194,2022-07-04 18:29:11-05:00,trafico889,¬°cuidado  accidente en periferico cerca de barranca del muerto hacia molinos ,7/4/2022,18:59:02,0,0,0,0,0,0,1,,Si
1544101866329489410,2022-07-04 18:32:27-05:00,C5_CDMX, almomento  servicios de emergencia trabajan por percance vehicular sobre av  ermita y convento  colonia santuario   alc iztapalapa  alternativa vial   del carmen  911cdmx c5 ,7/4/2022,18:59:02,0,0,0,0,0,0,1,iztapalapa,Si
1544107152679264257,2022-07-04 18:53:27-05:00,OVIALCDMX, precaucionvial   servicios de emergencia acuden luis spota y fernando montes de oca  col  san simon  bjalcaldia por volcadura ,7/4/2022,18:59:03,0,1,0,0,0,0,0,benito juarez,Si
1544107620637839367,2022-07-04 18:55:19-05:00,trafico889,¬°cuidado  accidente en luis spota y fernando montes de oca en benito juarez ,7/4/2022,18:59:03,0,0,0,0,0,0,1,benito juarez,No
1544108391806763012,2022-07-04 18:58:23-05:00,CruzRoja_CDMX,una  ambulancia de  cruzrojamexicana esta atendiendo un  accidente de  transito en  centeotl   la  preciosa   azcapotzalco extrema precauciones al pasar por ese lugar ,7/4/2022,18:59:03,0,0,0,0,0,0,1,azcapotzalco,Si
1544111109954625536,2022-07-04 19:09:11-05:00,OVIALCDMX,19 08  precaucionvial   por percance en juan escutia y zamora  equipos de emergencia acuden al lugar  ,7/4/2022,19:59:02,0,0,0,0,0,0,1,,Si
1544115113988440064,2022-07-04 19:25:06-05:00,C5_CDMX, precauciones  hallaras volcadura vehicular sobre luis spota y  fernando montes de oca  colonia san simon   bjalcaldia   servicios de emergencia en el lugar  alternativa vial   av  antonio rodriguez  911cdmx c5,7/4/2022,19:59:02,0,1,0,0,0,0,0,benito juarez,No
1544115604961083393,2022-07-04 19:27:03-05:00,CruzRoja_CDMX,personal de la  cruzrojamexicana auxilian a un paciente en  rio san  joaquin   popo    miguel  hidalgo debido a un  accidente de  transito ,7/4/2022,19:59:02,0,0,0,0,0,0,1,,Si
1544115912764264449,2022-07-04 19:28:16-05:00,C5_CDMX, precauciones  hallaras motociclista derrapado sobre palma y 16 de septiembre  colonia centro   alccuauhtemocmx   servicios de emergencia en el lugar   911cdmx c5,7/4/2022,19:59:02,0,0,0,0,1,0,1,cuauhtemoc,Si
1544116072865009664,2022-07-04 19:28:54-05:00,trafico889,¬°precaucion  accidente en palma y 16 de septiembre  colonia centro ,7/4/2022,19:59:02,0,0,0,0,0,0,1,,No
1544116872244862976,2022-07-04 19:32:05-05:00,OVIALCDMX,19 31 se restablece la circulacion en luis spota y fernando montes de oca  luego de volcadura  personal de la  ssc cdmx en el lugar  ,7/4/2022,19:59:02,0,1,0,0,0,0,0,,No
1544123591528169477,2022-07-04 19:58:47-05:00,OVIALCDMX,19 58  precaucionvial   por percance en calz  ignacio zaragoza a la altura de balvanera hacia el poniente  equipos de emergencia acuden al lugar  ,7/4/2022,19:59:02,0,0,0,0,0,0,1,,Si
1543989627199008768,2022-07-04 11:06:27-05:00,gemato2001, mejzc  peatondelsur  lasemovi  andreslajous  peatonesprimero  pacodeanda  olafdickinson  bicireporteradf  rat inside    cfh  muertevialcdmx  alejuareza  javier hidalgo  botvialcdmx pues atropellan tantas personas que las estadisticas lo reportan como el mayor causante de accidentes si usted sue√±a que las bicicletas lo atropellan  vaya a buscar ayuda profesional  la realidad se mide en cifras  no en creencias ,7/4/2022,20:30:02,1,0,0,0,0,0,0,,No
1544124090243579906,2022-07-04 20:00:46-05:00,OVIALCDMX, precaucionvial   por percance en calz  ermita iztapalapa la altura de tulipan  equipos de emergencia acuden al lugar  ,7/4/2022,20:59:02,0,0,0,0,0,0,1,iztapalapa,Si
1544124488824020992,2022-07-04 20:02:21-05:00,OVIALCDMX, precaucionvial   por percance en arcos de belen a la altura de luis moya   equipos de emergencia acuden al lugar  ,7/4/2022,20:59:02,0,0,0,0,0,0,1,,Si
1544126249660030976,2022-07-04 20:09:21-05:00,trafico889,¬°cuidado  accidente en arcos de belen a la altura de luis moya ,7/4/2022,20:59:02,0,0,0,0,0,0,1,,No
1544127877930704896,2022-07-04 20:15:49-05:00,C5_CDMX, precaucion  servicios de emergencia se aproximan a trabajar por accidente vial sobre av  rio churubusco y roberto fierro  colonia ampl  aviacion   a vcarranza   911cdmx c5,7/4/2022,20:59:02,0,0,0,0,0,0,1,,Si
1544131094504783873,2022-07-04 20:28:36-05:00,trafico889,¬°precaucion  afectacion vial por un accidente en calzada de las armas y calzada echegaray ,7/4/2022,20:59:03,0,0,0,0,0,0,1,,No
1544131472742834176,2022-07-04 20:30:06-05:00,C5_CDMX, extremaprecauciones hallaras accidente vehicular sobre calz  ignacio zaragoza y enna  colonia santa martha acatitla   alc iztapalapa  911cdmx c5,7/4/2022,20:59:03,0,0,0,0,0,0,1,iztapalapa,Si
1544141642080391176,2022-07-04 21:10:30-05:00,OVIALCDMX, precaucionvial   servicios de emergencia acuden a economia y secretaria del trabajo   a vcarranza por percance vehicular  ,7/4/2022,21:59:02,0,0,0,0,0,0,1,,Si
1544141974055395328,2022-07-04 21:11:50-05:00,CruzRoja_CDMX,al transitar por   lago  zirahuen    anahuac i  seccion    miguel  hidalgo encontraras un  accidente de  transito atendido por  cruzrojamexicana  ten cuidado y disminuye tu velocidad  ,7/4/2022,21:59:02,0,0,0,0,0,0,1,,Si
1544147117190569984,2022-07-04 21:32:16-05:00,OVIALCDMX, precaucionvial   por percance en sur 20 a la altura de oriente 259 col  agricola oriental  equipos de emergencia acuden al lugar  ,7/4/2022,21:59:02,0,0,0,0,0,0,1,,Si
1544148756710526978,2022-07-04 21:38:47-05:00,OVIALCDMX, precaucionvial   por percance en canal del norte a la altura de ceramica  equipos de emergencia acuden al lugar  ,7/4/2022,21:59:02,0,0,0,0,0,0,1,,Si
1544152036266184706,2022-07-04 21:51:49-05:00,C5_CDMX, precaucionvial  se registra percance vial sobre av  canal del norte y ceramica  colonia 20 de noviembre   a vcarranza   servicios de emergencia en el lugar   911cdmx c5,7/4/2022,21:59:02,0,0,0,0,0,0,1,,No
1544154165198438400,2022-07-04 22:00:16-05:00,CruzRoja_CDMX,estamos atendiendo en  cruzrojamexicana un  accidente de  transito en  av  santa  lucia    colina del sur    alvaro  obregon extrema precacuciones al pasar por ese lugar ,7/4/2022,22:59:02,0,0,0,0,0,0,1,,SI
1544155723705339904,2022-07-04 22:06:28-05:00,OVIALCDMX,22 05  precaucionvial   servicios de emergencia acuden a av  canal del norte y ceramica  col  20 de noviembre  alcaldia venustiano carranza por percance vehicular  ,7/4/2022,22:59:02,0,0,0,0,0,0,1,venustiano carranza,No
1544168798747598848,2022-07-04 22:58:25-05:00,C5_CDMX, hallaras servicios de emergencia apoyando en accidente vial sobre av  rio consulado y marmoleria  colonia la malinche   tualcaldiagam  911cdmx  c5,7/4/2022,22:59:03,0,0,0,0,0,0,1,gustavo a madero,Si
1544171234291744768,2022-07-04 23:08:06-05:00,CruzRoja_CDMX,una  ambulancia de  cruzrojamexicana esta atendiendo un  accidente de  transito en   lago  bolsena    anahuac i  seccion    miguel  hidalgo extrema precauciones al pasar por ese lugar ,7/4/2022,23:59:02,0,0,0,0,0,0,1,,Si
1544171833477537792,2022-07-04 23:10:29-05:00,RaulGtzNR, lamentablemente pierde la vida atropellado por trailer     ,7/4/2022,23:59:02,1,0,1,0,0,0,0,,No
1544181415687979009,2022-07-04 23:48:33-05:00,C5_CDMX,servicios de emergencia trabajan por atropellado sobre av  division del norte y calzada candelaria  colonia ciudad jardin   alcaldia coy  911cdmx  c5 ,7/4/2022,23:59:02,1,0,0,0,0,0,0,,Si
1544183711469551616,2022-07-04 23:57:41-05:00,OVIALCDMX,23 57  precaucionvial   servicios de emergencia laboran sobre av  division del norte y calz  candelaria  col  ciudad jardin  alcaldia coyoacan por persona atropellada  ,7/4/2022,23:59:02,1,0,0,0,0,1,0,coyoacan,Si
,,,,,,,,,,,,,,
,,,,,,,,,,,,,,
,,,,,,,,,,,,,,
,,,,,,,,,,,,,,
,,,,,,,,,,,,,,
,,,,,,,,,,,,,,
,,,,,,,,,,,,,,
